{
  "before": 33716,
  "after": 30088,
  "baseline": 0.9875373878364905,
  "enhanced": 0.9875373878364905
}